title	new_etymology	source_language	relation	cognates	pie_root
-ապես		Armenian, from Old Armenian -ապէս (-apēs), ultimately from the noun base plus the adverbial suffix.	Derivational suffix.	Eastern Armenian -ապէս.	N/A
-իկ		Armenian, from Old Armenian -իկ (-ik), diminutive suffix.	Derivational suffix.	Eastern Armenian -իկ.	N/A
Ալլահ	Arabic الله‎ (Allāh), meaning “God.”	Arabic	Direct borrowing.	Turkish Allah, Persian الله‎ (Allāh).	N/A
Ատալիա	Ancient Greek Ἀττάλεια (Attáleia), the name of the city founded by Attalus II of Pergamon.	Ancient Greek	Borrowed as a place name.	Turkish Antalya.	N/A
Բաբաջանյան		Turkish	Patronymic formation.	Turkish Babacan, Persian باباجان‎ (bâbâjân).	*ph₂tḗr (“father”)
Դանիա	Russian Дания (Daniya), ultimately from Latin Dania, the name for Denmark.	Russian (via Latin)	Place name borrowing.	English Denmark, French Danemark.	N/A
Լիպարիտ	Georgian ლიპარიტი (lipariti), a Georgian noble name.	Georgian	Borrowed as a personal name.	N/A	N/A
Կասպք	Ancient Greek Κασπία (Kaspía), referring to the region of Caspiane.	Ancient Greek	Place name borrowing.	Caspian.	N/A
Հերովդես	Ancient Greek Ἡρῴδης (Hērṓidēs), the name Herod.	Ancient Greek	Biblical name borrowing.	English Herod, Latin Herodes.	N/A
Մանանդյան		Persian	Matronymic formation.	N/A	N/A
Մեմնոն	Ancient Greek Μέμνων (Mémnōn), a hero in Greek mythology.	Ancient Greek	Mythological name borrowing.	English Memnon.	N/A
Մսըր	Arabic مصر‎ (Miṣr), “Egypt.”	Arabic	Place name borrowing.	Turkish Mısır, Hebrew מִצְרַיִם‎ (Mitzrayim).	N/A
ՆԱՏՕ		English	International acronym.	Russian НАТО, French OTAN (reversed acronym).	N/A
Նիկողայոս	Greek Νικόλαος (Nikólaos), “Nicholas.”	Greek	Personal name borrowing.	English Nicholas, Russian Николай (Nikolay).	*nikē (“victory”) + *laos (“people”)
Չուխաջյան		Turkish	Occupational formation.	Turkish çuhacı.	N/A
Չոփուրյան		Turkish	Nickname-based surname.	Turkish çopur.	N/A
Պարմենիդես	Ancient Greek Παρμενίδης (Parmenídēs), the philosopher Parmenides.	Ancient Greek	Personal name borrowing.	English Parmenides.	N/A
Պինդարոս	Ancient Greek Πίνδαρος (Píndaros), the poet Pindar.	Ancient Greek	Personal name borrowing.	English Pindar.	N/A
Պյութագորաս	Ancient Greek Πυθαγόρας (Pythagóras), the mathematician Pythagoras.	Ancient Greek	Personal name borrowing.	English Pythagoras.	N/A
Ջամբազյան		Turkish	Occupational formation.	Turkish cambaz.	N/A
Սիմոնիդես	Ancient Greek Σιμωνίδης (Simōnídēs), the poet Simonides.	Ancient Greek	Personal name borrowing.	English Simonides.	N/A
Սղերդ	Turkish Siirt, a city in Turkey.	Turkish	Place name borrowing.	N/A	N/A
Սոկրատես	Ancient Greek Σωκράτης (Sōkrátēs), the philosopher Socrates.	Ancient Greek	Personal name borrowing.	English Socrates.	N/A
Քալանթարյան		Turkish	Patronymic formation.	Turkish kalandar.	N/A
Քսենոկրատես	Ancient Greek Ξενοκράτης (Xenokrátēs), the philosopher Xenocrates.	Ancient Greek	Personal name borrowing.	English Xenocrates.	N/A
Օդաբաշյան		Turkish	Occupational formation.	Turkish odabaşı.	N/A
Օտտավա	English Ottawa, the capital of Canada, itself from the Algonquin word adawe (“to trade”).	English (via Algonquin)	Place name borrowing.	French Ottawa.	N/A
Օրբելյան		Georgian	Family name.	N/A	N/A
աբա	Arabic عَبَاءَة‎ (‘abāʔa), “coarse fabric, cloak.”	Arabic	Borrowed as a textile term.	Turkish aba, Persian عبا‎ (ʿabā).	N/A
աբասի	Persian عباسی‎ (ʿabbāsī), a silver coin named after Shah Abbas I.	Persian	Numismatic borrowing.	Georgian აბაზი (abazi), Russian аббаси (abbasi).	N/A
աբլա	Turkish abla (“elder sister, lady”), from Persian آبله‎ (ābleh, “elder sister”).	Turkish	Kinship term borrowing.	Turkish abla.	N/A
աբսորբել	French absorber (“to absorb”), from Latin absorbere.	French	Scientific/technical borrowing.	English absorb, Russian абсорбировать (absorbirovat’).	*swelbʰ- (“to swallow”)
ադամանդ	Ancient Greek ἀδάμας (adámas, “diamond, unbreakable”).	Ancient Greek	Gemstone term borrowing.	English diamond, Russian алмаз (almaz).	*dem- (“to tame, subdue”)
աթթար	Arabic عطار‎ (‘aṭṭār, “herbalist, perfumer”).	Arabic	Occupational borrowing.	Turkish attar, Persian عطار‎ (ʿaṭṭār).	N/A
աժդահա	Persian اژدها‎ (aždahâ, “dragon, monster”), from Middle Persian.	Persian	Borrowed as a mythological/figurative term.	Turkish ejderha, Russian аждаха (azhdakha).	N/A
ալ		Turkish (possible)	Color term borrowing.	Turkish al.	N/A
ալաժահրի	Turkish alıç ağacı (“buckthorn tree”), from alıç (“hawthorn, buckthorn”).	Turkish	Plant name borrowing.	Turkish alıç.	N/A
ալամ	Arabic عالم‎ (‘ālam, “world, universe”).	Arabic	Borrowed as a cosmological term.	Turkish alem, Persian عالم‎ (ʿālam).	N/A
ալմաս	Arabic الماس‎ (al-mās, “diamond”), from Persian الماس‎ (almas).	Arabic (via Persian)	Gemstone term borrowing.	Turkish elmas, Russian алмаз (almaz).	N/A
ալոճ	Turkish alıç (“hawthorn, hawthorn berry”).	Turkish	Plant name borrowing.	Turkish alıç.	N/A
ալքիմիա	Arabic الكيمياء‎ (al-kīmiyāʾ, “alchemy”), from Ancient Greek χῡμεία (khūmeía).	Arabic (via Greek)	Scientific term borrowing.	English alchemy, Russian алхимия (alkhimiya).	N/A
ախմախ	Turkish ahmak (“foolish, stupid”), from Persian احمق‎ (ahmaq).	Turkish	Borrowed as an insult/adjective.	Turkish ahmak.	N/A
ակռա	Proto-Armenian *akra, related to Old Armenian ակռայ (akray, “tooth”).	Armenian (native)	Native word, Western Armenian form.	Eastern Armenian ատամ (atam, “tooth”).	*h₃dónts (“tooth”)
աղա	Turkish ağa (“landowner, lord”), from Old Turkic aqa (“elder brother, chief”).	Turkish	Social title borrowing.	Turkish ağa, Persian آقا‎ (āqā).	N/A
աղատել	Armenian onomatopoeic root, possibly imitative of lamenting sounds.	Armenian (native)	Onomatopoeic formation.	N/A	N/A
աղեղ	Old Armenian աղեղ (ałeł, “bow, arch”), native formation.	Armenian (native)	Native word.	N/A	*h₂wegʰ- (“to bend”)
աճռել	Turkish açırmak (“to rub, to soap”), causative of açmak (“to open”).	Turkish	Borrowed as a verb.	Turkish açırmak.	N/A
ամեն	Old Armenian ամեն (amen, “all, every”), native.	Armenian (native)	Native word.	N/A	*h₂em- (“to take, to grasp”)
այրան	Turkish ayran (“yogurt drink”), from ayrı (“separated”) + -an (participle).	Turkish	Borrowed as a food term.	Turkish ayran.	N/A
աներ	Old Armenian աներ (aner, “father-in-law”), native.	Armenian (native)	Kinship term.	N/A	*h₂ner- (“man, husband”)
անիսոն	Latin anīsum, from Ancient Greek ἄνῑσον (ánīson), from Egyptian origin.	Latin (via Greek, from Egyptian)	Borrowed as a plant name.	English anise, French anis, Russian анис (anis).	N/A
անսովոր	Armenian ան- (an-, “not”) + սովոր (sovor, “accustomed, usual”).	Armenian (native)	Native compound.	Eastern Armenian անսովոր.	N/A
անվերջ	Armenian ան- (an-, “not”) + վերջ (verj, “end”).	Armenian (native)	Native compound.	Eastern Armenian անվերջ.	N/A
անտիկ	French antique (“antique, ancient”), from Latin antīquus.	French (via Latin)	Borrowed as a cultural term.	English antique, Russian антик (antik).	*anti (“before, in front of”)
առվույտ	Arabic الفصفصة‎ (al-fiṣfiṣa, “alfalfa”), via Turkish or Persian.	Arabic (via Turkish/Persian)	Borrowed as a plant name.	Turkish fiğ, Persian یونجه‎ (yunjeh).	N/A
ասլի	Turkish aslı (“rooted, original, genuine”), from Arabic أصل‎ (ʾaṣl, “origin, root”).	Turkish (via Arabic)	Borrowed as an adjective.	Turkish aslı.	N/A
արճիճ	Old Armenian արճիճ (arčʿičʿ, “lead”), native.	Armenian (native)	Inherited.	N/A	*h₂ergʰ- (“white, shining”)
արտորալ	Armenian արտ- (art-, “out”) + oral (“to speak, to say”), possibly influenced by Turkish or dialectal forms.	Armenian (native, possibly dialectal)	Native/dialectal compound.	N/A	N/A
արքատ	Armenian արք (arkʿ, “branch, shoot”) + diminutive or collective suffix.	Armenian (native)	Native formation.	N/A	N/A
ափսոս	Turkish abuz (“regret, pity”), or possibly from Persian افسوس‎ (afsūs, “alas, pity”).	Turkish/Persian	Borrowed as an interjection/adjective.	Persian افسوس‎ (afsūs).	N/A
բազազ	Turkish bazaz (“cloth dealer, draper”), from Arabic بزاز‎ (bazzāz).	Turkish (via Arabic)	Occupational borrowing.	Turkish bazaz, Arabic بزاز‎ (bazzāz).	N/A
բալ	Persian بال‎ (bāl, “cherry”), or Turkish bal (“honey, sweet”), but likely from a local or dialectal source for “cherry.”	Persian/Turkish	Borrowed as a fruit name.	Turkish bal, Russian бал (bal).	N/A
բալակլավա	Turkish balaklava, a type of headgear, named after the town of Balaklava in Crimea.	Turkish (from place name)	Borrowed as a clothing term.	English balaclava.	N/A
բահայի	Arabic بهائي‎ (bahāʾī, “follower of Baháʼu’lláh”), from بهاء‎ (bahāʾ, “glory, splendor”).	Arabic	Borrowed as a religious term.	English Baháʼí, Persian بهائی‎ (bahāʾī).	N/A
բաշիբոզուկ	Turkish başıbozuk (“irregular soldier”), literally “damaged head” (başı “head” + bozuk “broken, spoiled”).	Turkish	Borrowed as a historical/figurative term.	Turkish başıbozuk.	N/A
բասկետբոլ	English basketball.	English	International sports borrowing.	Russian баскетбол (basketbol), French basket-ball.	N/A
բաստուրմա	Turkish pastırma (“basturma, cured meat”), from Turkish bastırmak (“to press”).	Turkish	Borrowed as a food term.	Turkish pastırma, Greek παστουρμάς (pastourmás).	N/A
բար	English bar (“counter, establishment”), or possibly from Persian بار‎ (bār, “load, burden, bar”).	English/Persian	Borrowed as a commercial term.	English bar, Russian бар (bar).	N/A
բարակ	Turkish barak (“thin, narrow”), or possibly from Persian باریک‎ (bārīk, “thin, fine”).	Turkish/Persian	Borrowed as an adjective.	Turkish barak, Persian باریک‎ (bārīk).	N/A
բարիշել	Turkish barışmak (“to make peace, to reconcile”), from barış (“peace”).	Turkish	Borrowed as a verb.	Turkish barışmak.	N/A
բարութ	Turkish barut (“gunpowder”), from Persian باروت‎ (bārūt).	Turkish (via Persian)	Borrowed as a material term.	Turkish barut, Persian باروت‎ (bārūt).	N/A
բաց	Old Armenian բաց (bac, “open”), native.	Armenian (native)	Inherited.	N/A	*bʰed- (“to separate, split”)
բեսիրաթ	Turkish besirat (“insight, wisdom”), from Arabic بصيرة‎ (baṣīra, “insight”), but in Armenian used as “lawless, impious” (semantic shift).	Turkish (via Arabic)	Borrowed as an adjective.	Turkish basiret.	N/A
բիզոն	French bison, from Latin bison, from Germanic.	French (via Latin, from Germanic)	Borrowed as an animal name.	English bison, Russian бизон (bizon).	*wis- (“bison”)
բիձա	Turkish bica (“uncle”), dialectal, or from Persian بیجه‎ (bīje, “uncle”).	Turkish/Persian	Borrowed as a kinship term.	Turkish bica.	N/A
բլբուլ	Persian بلبل‎ (bolbol, “nightingale”), borrowed via Turkish.	Persian (via Turkish)	Borrowed as a poetic/figurative term.	Turkish bülbül, Russian бульбуль (bul’bul’).	N/A
բլղուր	Turkish bulgur (“cracked wheat”), from Persian بلغور‎ (balghūr).	Turkish (via Persian)	Borrowed as a food term.	Turkish bulgur, Persian بلغور‎ (balghūr).	N/A
բյորեկ	Turkish börek (“savory pastry”), from Persian بورک‎ (būrak).	Turkish (via Persian)	Borrowed as a food term.	Turkish börek, Russian бурек (burek).	N/A
բոլուկ	Turkish bölük (“company, troop, group”), from bölmek (“to divide”).	Turkish	Borrowed as a collective noun.	Turkish bölük.	N/A
ողջոց	Armenian ողջ (vochʿ, “swelling, tumor”) + diminutive/collective suffix.	Armenian (native)	Native formation.	N/A	N/A
բոյ	Turkish boy (“height, stature”), from Old Turkic boy (“size, tribe”).	Turkish	Borrowed as a descriptive noun.	Turkish boy.	N/A
բոշ	Turkish boş (“empty, free, idle”), from Old Turkic boş (“empty”).	Turkish	Borrowed as an adjective.	Turkish boş.	N/A
բուկ	Turkish boğaz (“throat, neck”), from Old Turkic boğaz (“throat”).	Turkish	Borrowed as a body part term.	Turkish boğaz.	N/A
բուն	Armenian բուն (bun, “trunk, main part”), native.	Armenian (native)	Inherited.	N/A	*bʰuH- (“to grow, become”)
բռինչ		Turkish (possible)	Borrowed as a plant name.	Turkish brinç.	N/A
բռնչի		Turkish (possible)	Borrowed as a plant name.	Turkish brinç.	N/A
բրավո	Italian bravo (“well done!”), used as an interjection.	Italian	Borrowed as an interjection.	English bravo, Russian браво (bravo).	N/A
բրդուճ	Turkish börek (“pastry, piece of bread with filling”), or from a dialectal Armenian root.	Turkish (possible)	Borrowed as a food term.	Turkish börek.	N/A
գամփռ	Turkish gampr (“large dog, mastiff”), possibly of Armenian origin.	Turkish (possible Armenian origin)	Borrowed as an animal name.	Turkish gampr.	N/A
գարաժ	French garage (“garage”), from garer (“to shelter”).	French	Borrowed as a modern term.	English garage, Russian гараж (garazh).	N/A
գեղացի	Armenian գեղ (geł, “village”) + -ացի (“inhabitant of”), native formation.	Armenian (native)	Native compound.	N/A	N/A
գեպարդ	French guépard (“cheetah”), from Italian gattopardo (“leopard, cheetah”), from gatto (“cat”) + pardo (“leopard”).	French (via Italian)	Borrowed as an animal name.	English cheetah, French guépard.	N/A
գետ	Old Armenian գետ (get, “river”), native.	Armenian (native)	Inherited.	N/A	*wed- (“water, wet”)
գերա-	Armenian գեր (ger, “fat”) + prefixal or compounding element.	Armenian (native)	Native formation.	N/A	N/A
գինի	Old Armenian գինի (gini, “wine”), from Ancient Greek οἶνος (oînos), ultimately from a Mediterranean substrate.	Ancient Greek (via substrate)	Borrowed as a beverage term.	English wine, Russian вино (vino), Latin vinum.	*wóih₁nom (“wine”)
գուլ	Turkish kul (“dull, not sharp”), or possibly from Persian.	Turkish/Persian	Borrowed as an adjective.	Turkish kul.	N/A
գունդ	Old Armenian գունդ (gund, “sphere, ball, troop”), from Middle Persian gund (“troop, army”).	Middle Persian	Borrowed as a military/shape term.	Persian گند‎ (gund), Kurdish gund.	N/A
գռուզ	Turkish kıvırcık (“frizzy, curly”), or a dialectal formation.	Turkish (possible)	Borrowed as a descriptive adjective.	Turkish kıvırcık.	N/A
գրազ	Turkish giraz (“bet, wager”), or from Persian.	Turkish/Persian	Borrowed as a gambling term.	Turkish giraz.	N/A
գրպան	Turkish cep (“pocket”) + Armenian diminutive or suffix, or from Persian جیب‎ (jeyb, “pocket”).	Turkish/Persian	Borrowed as a clothing term.	Turkish cep, Persian جیب‎ (jeyb).	N/A
դազգահ	Persian دستگاه‎ (dastgāh, “machine, device, apparatus”), from دست‎ (dast, “hand”) + گاه‎ (gāh, “place”).	Persian	Borrowed as a technical term.	Turkish tezgâh (“workbench, counter”).	N/A
դաղալ	Turkish dalavere (“trick, fraud”), or possibly from Turkish dalavereci (“swindler”).	Turkish	Borrowed as a descriptive adjective.	Turkish dalavere.	N/A
դամոն	French damas (“damson”), from Latin damascenum (“of Damascus”), referring to the city of Damascus.	French (via Latin)	Borrowed as a fruit name.	English damson, Russian дамасская слива (damasskaya sliva).	N/A
դայրա	Persian دایره‎ (dāyere, “circle, tambourine”), also used in Turkish daire (“circle, office, department”).	Persian	Borrowed as a musical and administrative term.	Turkish daire, Russian даира (dayra).	N/A
դասել	Old Armenian դասեմ (dasem, “to arrange, to set, to put in order”), native.	Armenian (native)	Inherited.	N/A	*dʰeh₁- (“to put, to place”)
դավա	Turkish deve (“camel”), from Persian شتر‎ (šotor, “camel”).	Turkish (via Persian)	Borrowed as an animal name.	Turkish deve, Persian شتر‎ (šotor).	N/A
դարդլու	Turkish dertli (“afflicted, pained”), from dert (“pain, trouble”).	Turkish	Borrowed as an adjective.	Turkish dertli.	N/A
դին	English dyne (unit of force), from Greek δύναμις (dúnamis, “power, force”).	English (via Greek)	Scientific borrowing.	Russian дин (din), French dyne.	*dewh₂- (“to do, to put”)
դիրագ	Armenian դիր (dir, “upright, standing”) + suffix, native formation.	Armenian (native)	Native compound.	N/A	N/A
դյուժին	Russian дюжина (dyuzhina, “dozen”), from Polish tuzin, from German Dutzend.	Russian (via Polish, German)	Borrowed as a counting term.	English dozen, German Dutzend.	N/A
դոխ	Turkish tok (“hopper, funnel”), or possibly from dialectal Armenian.	Turkish (possible)	Borrowed as a technical/household term.	Turkish tok.	N/A
դունյա	Turkish dünya (“world”), from Arabic دنيا‎ (dunyā, “world, life”).	Turkish (via Arabic)	Borrowed as a cosmological term.	Turkish dünya, Persian دنیا‎ (donyā).	N/A
դունչ	Turkish burun (“snout, nose”), or possibly from dialectal Armenian.	Turkish (possible)	Borrowed as a body part term.	Turkish burun.	N/A
դուրգար	Turkish doğramacı (“joiner, carpenter”), from doğramak (“to cut, to chop”).	Turkish	Occupational borrowing.	Turkish doğramacı.	N/A
դուքան	Persian دکان‎ (dokkān, “shop”), via Turkish dükkan.	Persian (via Turkish)	Borrowed as a commercial term.	Turkish dükkan, Russian дукан (dukan).	N/A
ելքեն	Turkish yelken (“sail”), from yel (“wind”) + -ken (diminutive/agentive).	Turkish	Borrowed as a nautical term.	Turkish yelken.	N/A
եղրևանի	Armenian եղրևան (ełrevan, “lilac”), possibly from a substrate or regional source.	Armenian (native or regional)	Native/uncertain.	N/A	N/A
հետև	Old Armenian հետև (hetew, “back, behind”), native.	Armenian (native)	Inherited.	N/A	*sekʷ- (“to follow”)
երգել	Old Armenian երգեմ (ergem, “to sing”), native.	Armenian (native)	Inherited.	N/A	*werH- (“to speak, to say”)
երես	Old Armenian երես (eres, “face”), native.	Armenian (native)	Inherited.	N/A	*wer- (“to turn, bend”)
երնջնակ	Armenian երնջն (ernjn, “sea holly, eryngo”) + diminutive/collective suffix.	Armenian (native)	Native formation.	N/A	N/A
եքյա	Turkish ekşi (“sour, big, grown-up”), or possibly from a dialectal Turkish or Armenian root.	Turkish (possible)	Borrowed as an adjective.	Turkish ekşi.	N/A
զայիֆ	Turkish zayıf (“thin, weak”), from Arabic ضعيف‎ (ḍaʿīf, “weak”).	Turkish (via Arabic)	Borrowed as an adjective.	Turkish zayıf, Persian ضعیف‎ (za’if).	N/A
զառ	Persian زَر‎ (zar, “die, dice”), or from Turkish zar (“die, dice”).	Persian/Turkish	Borrowed as a gaming term.	Turkish zar, Persian زَر‎ (zar).	N/A
զերտևա	Turkish zerdeva (“pine marten”), from Persian زرده‌وا‎ (zardevā).	Turkish (via Persian)	Borrowed as an animal name.	Turkish zerdeva, Persian زرده‌وا‎ (zardevā).	N/A
զնջիլ	Turkish zincir (“chain”), from Persian زنجیر‎ (zanjīr).	Turkish (via Persian)	Borrowed as a technical term.	Turkish zincir, Persian زنجیر‎ (zanjīr).	N/A
զով	Old Armenian զով (zov, “cool, fresh”), native.	Armenian (native)	Inherited.	N/A	N/A
զուռնա	Turkish zurna (“zurna, double-reed woodwind instrument”), from Persian سورنا‎ (surnā).	Turkish (via Persian)	Borrowed as a musical term.	Turkish zurna, Persian سورنا‎ (surnā).	N/A
զրիշկ	Turkish sırık (“barberry”), or possibly from a dialectal source.	Turkish (possible)	Borrowed as a plant name.	Turkish sırık.	N/A
էթնիկ	Russian этник (etnik), from English ethnic, from Greek ἔθνος (éthnos, “nation, people”).	Russian (via English, Greek)	Borrowed as a modern term.	English ethnic, Russian этник (etnik).	*swedh- (“one’s own”)
էհմալ	Turkish ihmâl (“neglect, negligence”), from Arabic إهمال‎ (ihmāl).	Turkish (via Arabic)	Borrowed as a legal/administrative term.	Turkish ihmâl, Persian اهمال‎ (ihmāl).	N/A
էսնաֆ	Turkish esnaf (“guild, tradesman”), from Arabic أصناف‎ (aṣnāf, “classes, kinds”).	Turkish (via Arabic)	Borrowed as a social/occupational term.	Turkish esnaf, Persian اصناف‎ (asnâf).	N/A
էքսպերտ	French expert (“expert”), from Latin expertus (“experienced, tested”).	French (via Latin)	Borrowed as a modern term.	English expert, Russian эксперт (ekspert).	*per- (“to try, risk”)
էօտ աղաճը	Turkish öd ağacı (“aloeswood, agarwood”), from öd (“gall, bile”) + ağaç (“tree”).	Turkish	Borrowed as a plant name.	Turkish öd ağacı.	N/A
էֆենդի	Turkish efendi (“sir, master”), from Greek αφέντης (aféntis), from Medieval Greek αὐθέντης (authéntēs, “master, author”).	Turkish (via Greek)	Borrowed as a title.	Turkish efendi, Greek αφέντης (aféntis).	N/A
թազա	Turkish taze (“fresh, new”), from Persian تازه‎ (tāze).	Turkish (via Persian)	Borrowed as an adjective.	Turkish taze, Persian تازه‎ (tāze).	N/A
թաթար	Persian تاتار‎ (tātār), from Turkic Tatar, an ethnonym.	Persian (via Turkic)	Borrowed as an ethnonym.	English Tatar, Russian татарин (tatarin).	N/A
թաղ	Georgian თაღი (t’agi, “arch, vault”), or possibly from Turkish tağ (“arch, vault”).	Georgian/Turkish	Borrowed as an architectural term.	Georgian თაღი (t’agi).	N/A
թայֆա	Turkish tayfa (“gang, crew, clique”), from Arabic طائفة‎ (ṭāʾifa, “group, sect”).	Turkish (via Arabic)	Borrowed as a social term.	Turkish tayfa, Arabic طائفة‎ (ṭāʾifa).	N/A
թանջարա	Turkish tencere (“saucepan”), from Persian تنگ‎ (tang, “narrow, tight”).	Turkish (via Persian)	Borrowed as a kitchen term.	Turkish tencere, Persian تنگ‎ (tang).	N/A
թառ	Persian تار‎ (tār, “string, tar (musical instrument)”), via Turkish tar.	Persian (via Turkish)	Borrowed as a musical term.	Turkish tar, Persian تار‎ (tār).	N/A
թարխանա	Turkish tarhana (“fermented grain and yogurt soup”), from Persian ترخانه‎ (tarxāneh).	Turkish (via Persian)	Borrowed as a food term.	Turkish tarhana, Persian ترخانه‎ (tarxāneh).	N/A
թաքավիթ	Turkish tekaüt (“retired, pensioner”), from Arabic تقاعد‎ (taqāʿud, “retirement”).	Turkish (via Arabic)	Borrowed as a social term.	Turkish tekaüt, Arabic تقاعد‎ (taqāʿud).	N/A
թաքուն	Old Armenian թաքուն (tʿakun, “hidden, secret”), native.	Armenian (native)	Inherited.	N/A	N/A
թելաթին	Turkish telatin (“Russia leather”), from tel (“wire, thread”) + Latin (possibly tannum, “tannin”).	Turkish (possible Latin influence)	Borrowed as a material term.	Turkish telatin.	N/A
թերա-	Armenian թեր (tʿer, “deficient, less”) + prefixal or compounding element.	Armenian (native)	Native formation.	N/A	N/A
թզբեխ	Turkish tespih (“prayer beads”), from Arabic تَسْبِيح‎ (tasbīḥ, “praise, rosary”).	Turkish (via Arabic)	Borrowed as a religious term.	Turkish tespih, Arabic تَسْبِيح‎ (tasbīḥ).	N/A
թթվաշ	Armenian թթու (tʿtʿu, “sour”) + վաշ (vash, “ish, somewhat”), native formation.	Armenian (native)	Native compound.	N/A	N/A
թոզ	Turkish toz (“dust”), from Old Turkic toz (“dust, powder”).	Turkish	Borrowed as a material term.	Turkish toz.	N/A
թոն	Turkish ton (“tuna (fish)”), or possibly from Persian تون‎ (tun, “furnace, oven, bathhouse”), but in Armenian also “rain, precipitation.”	Turkish/Persian	Borrowed as a food or weather term.	Turkish ton, Persian تون‎ (tun).	N/A
թութխալ	Turkish tutkal (“glue”), from tut- (“to hold, stick”) + -kal (agentive).	Turkish	Borrowed as a material term.	Turkish tutkal.	N/A
թութուն	Turkish tütün (“tobacco”), from Persian توتون‎ (tutun).	Turkish (via Persian)	Borrowed as a plant/product name.	Turkish tütün, Persian توتون‎ (tutun).	N/A
թութք	Turkish tütük (“hemorrhoids”), or possibly from a dialectal or medical term.	Turkish (possible)	Borrowed as a medical term.	Turkish tütük.	N/A
թունդ	Turkish tünd (“strong, intense”), from Persian تند‎ (tond, “sharp, strong”).	Turkish (via Persian)	Borrowed as an adjective.	Turkish tünd, Persian تند‎ (tond).	N/A
թոփ	Turkish top (“ball; cannon”), from Persian توپ‎ (tup, “cannon, ball”).	Turkish (via Persian)	Borrowed as a military/object term.	Turkish top, Persian توپ‎ (tup).	N/A
թվալ	Old Armenian թվիմ (tʿvim, “to seem, appear”), native.	Armenian (native)	Inherited.	N/A	*tewh₂- (“to look, to see”)
թրաշ	Turkish tıraş (“shave, shaving”), from Persian تراش‎ (tarāš, “shaving, scraping”).	Turkish (via Persian)	Borrowed as a grooming term.	Turkish tıraş, Persian تراش‎ (tarāš).	N/A
ժոխ	Turkish coh (“gooseberry, currant”), or possibly from a regional/dialectal source.	Turkish (possible)	Borrowed as a plant/fruit name.	Turkish coh.	N/A
իմտատ	Turkish imdat (“help, assistance”), from Arabic امداد‎ (imdād, “help, support”).	Turkish (via Arabic)	Borrowed as a noun.	Turkish imdat, Arabic امداد‎ (imdād).	N/A
ինատճի	Turkish inatçı (“stubborn, obstinate”), from inat (“stubbornness, obstinacy”).	Turkish	Borrowed as an adjective.	Turkish inatçı.	N/A
ինչու	Armenian ինչ (inch, “what”) + ու (u, “why”), native formation.	Armenian (native)	Native compound.	N/A	N/A
իքեն	Turkish iken (“while, whilst”), from Old Turkic ikän.	Turkish	Borrowed as a conjunction/adverb.	Turkish iken.	N/A
լալ	Old Armenian լալ (lal, “to weep, to cry”), native.	Armenian (native)	Inherited.	N/A	*leh₂- (“to cry, to weep”)
լախանա	Turkish lahana (“cabbage”), from Greek λάχανον (lákhanon, “vegetable”).	Turkish (via Greek)	Borrowed as a plant/food name.	Turkish lahana, Greek λάχανο (láchano).	N/A
լախտ	Turkish laht (“club, mace, whip”), or possibly from a dialectal source.	Turkish (possible)	Borrowed as a tool/weapon name.	Turkish laht.	N/A
լակոտ	Turkish lakot (“puppy, young dog”), or possibly from a dialectal or regional source.	Turkish (possible)	Borrowed as a kinship/animal term.	Turkish lakot.	N/A
լաք	French laque (“lacquer, varnish”), from Portuguese laca, from Arabic لكه‎ (lakk), from Persian لاک‎ (lāk).	French (via Portuguese, Arabic, Persian)	Borrowed as a material term.	English lacquer, Russian лак (lak).	N/A
լեկ	Turkish lek (“thin, smooth skin of sheep, leather”), or from Albanian lek (currency).	Turkish/Albanian	Borrowed as a material/currency term.	Turkish lek, Albanian lek.	N/A
լեհեպ	Turkish lepe (“blanket”), or possibly from a dialectal source.	Turkish (possible)	Borrowed as a household term.	Turkish lepe.	N/A
լեշ	Old Armenian լեշ (leš, “carrion, corpse”), native.	Armenian (native)	Inherited.	N/A	*leikw- (“to leave, remain”)
լիմոն	French limon (“lemon”), from Italian limone, from Arabic ليمون‎ (laymūn), from Persian لیمو‎ (limu).	French (via Italian, Arabic, Persian)	Borrowed as a fruit name.	English lemon, Russian лимон (limon).	N/A
լղար	Turkish lığar (“lean, skinny”), or possibly from a dialectal source.	Turkish (possible)	Borrowed as an adjective.	Turkish lığar.	N/A
լոխում	Turkish lokum (“Turkish delight”), from Arabic لقمة‎ (luqma, “morsel, bite”).	Turkish (via Arabic)	Borrowed as a food term.	Turkish lokum, Arabic لقمة‎ (luqma).	N/A
լոխումճի	Turkish lokumcu (“maker or seller of Turkish delight”), from lokum (“Turkish delight”) + -cu (agentive).	Turkish	Occupational borrowing.	Turkish lokumcu.	N/A
խալ	Persian خال‎ (khāl, “mole, birthmark”), borrowed via Turkish.	Persian (via Turkish)	Borrowed as a body mark term.	Turkish hal, Persian خال‎ (khāl).	N/A
խալի	Persian قالی‎ (qālī, “carpet”), borrowed via Turkish hali.	Persian (via Turkish)	Borrowed as a household term.	Turkish halı, Persian قالی‎ (qālī).	N/A
խամաճիկ	Turkish hamacı (“puppeteer”), from hamaç (“puppet, marionette”).	Turkish	Borrowed as a theatrical term.	Turkish hamaç.	N/A
խանդակ	Turkish hendek (“ditch, moat”), from Persian خندق‎ (khandak).	Turkish (via Persian)	Borrowed as a geographical term.	Turkish hendek, Persian خندق‎ (khandak).	N/A
խառընճա	Turkish karınca (“ant”), from Persian كرمچه‎ (karamcha, “little worm”).	Turkish (via Persian)	Borrowed as an animal name.	Turkish karınca.	N/A
խավարծիլ	Turkish ravend (“rhubarb”), from Persian ریوند‎ (rīvand).	Turkish (via Persian)	Borrowed as a plant name.	Turkish ravend, Persian ریوند‎ (rīvand).	N/A
խարբիզակ	Turkish karpuz (“melon, watermelon”), from Persian خربزه‎ (kharboze).	Turkish (via Persian)	Borrowed as a fruit name.	Turkish karpuz, Persian خربزه‎ (kharboze).	N/A
խարջել	Turkish harcamak (“to spend (money)”), from harç (“expense, cost”).	Turkish	Borrowed as a verb.	Turkish harcamak.	N/A
խարտոց	Turkish eğe (“file, rasp”), or possibly from a dialectal source.	Turkish (possible)	Borrowed as a tool name.	Turkish eğe.	N/A
խեժ	Old Armenian խեժ (xež, “resin, gum”), native.	Armenian (native)	Inherited.	N/A	N/A
խեչակ	Turkish keçe (“prop, support for plants”), or possibly from a dialectal source.	Turkish (possible)	Borrowed as an agricultural term.	Turkish keçe.	N/A
խլեզ	Turkish kılaz (“lizard, slug”), or possibly from a dialectal source.	Turkish (possible)	Borrowed as an animal name.	Turkish kılaz.	N/A
խորոզ	Old Armenian խորոզ (xoroz, “rooster, cock”), possibly borrowed from Turkish horoz.	Turkish (possible)	Borrowed as an animal name.	Turkish horoz.	N/A
խռավաթ	Turkish hıravat (“disgruntled, resentful”), or possibly from a dialectal source.	Turkish (possible)	Borrowed as an adjective.	Turkish hıravat.	N/A
ծածկույթ	Armenian ծածկել (ts’ats’kel, “to cover”) + suffix -ույթ, native formation.	Armenian (native)	Native compound.	N/A	N/A
ծիմել	Turkish çim (“amaranth, grass”), or possibly from a dialectal source.	Turkish (possible)	Borrowed as a plant name.	Turkish çim.	N/A
ծխանելիք	Armenian ծուխ (ts’ukh, “smoke”) + անելիք (“thing to be done”), native formation.	Armenian (native)	Native compound.	N/A	N/A
կակազ	Turkish kekeme (“stuttering, stammering”), or possibly from a dialectal source.	Turkish (possible)	Borrowed as a descriptive adjective.	Turkish kekeme.	N/A
կակաչ	Turkish haşhaş (“poppy”), from Persian خشخاش‎ (xashxash).	Turkish (via Persian)	Borrowed as a plant name.	Turkish haşhaş, Persian خشخاش‎ (xashxash).	N/A
կապա	Turkish kaba (“kaftan, frock, cassock”), from Arabic قَبَا‎ (qabāʾ).	Turkish (via Arabic)	Borrowed as a clothing term.	Turkish kaba, Arabic قَبَا‎ (qabāʾ).	N/A
կարել	Old Armenian կարեմ (karem, “to sew”), native.	Armenian (native)	Inherited.	N/A	*ker- (“to cut”)
կարկին	Turkish pergel (“compass”), or possibly from a dialectal source.	Turkish (possible)	Borrowed as a tool name.	Turkish pergel.	N/A
կարոս	Turkish kereviz (“celery, parsley”), or possibly from a dialectal source.	Turkish (possible)	Borrowed as a plant name.	Turkish kereviz.	N/A
կարպետ	Turkish halı (“carpet”), from Persian قالی‎ (qālī).	Turkish (via Persian)	Borrowed as a household term.	Turkish halı, Persian قالی‎ (qālī).	N/A
կենճ	Turkish genç (“young, youth”), from Persian گنج‎ (ganj, “treasure, youth”).	Turkish (via Persian)	Borrowed as an adjective.	Turkish genç, Persian گنج‎ (ganj).	N/A
կենտավրոս	Ancient Greek Κένταυρος (Kéntauros, “centaur”), mythological borrowing.	Ancient Greek	Borrowed as a mythological name.	English centaur, Russian кентавр (kentavr).	N/A
կիմեր	Ancient Greek Κιμμέριοι (Kimmérioi, “Cimmerians”), an ancient people.	Ancient Greek	Borrowed as an ethnonym.	English Cimmerian, Russian киммериец (kimmeriyets).	N/A
կիւվէրճին	Turkish güvercin (“pigeon”), from Persian کبوتر‎ (kabūtar).	Turkish (via Persian)	Borrowed as an animal name.	Turkish güvercin, Persian کبوتر‎ (kabūtar).	N/A
կլպել	Turkish kalıp (“to peel, to shell”), or possibly from a dialectal root.	Turkish (possible)	Borrowed as a verb.	Turkish kalıp.	N/A
կծոխուր	Turkish kızılcık (“barberry, cornelian cherry”), from kızıl (“red”).	Turkish	Borrowed as a plant name.	Turkish kızılcık.	N/A
կղմինդր	Turkish kiremit (“tile”), from Persian كرميد‎ (kirmīd).	Turkish (via Persian)	Borrowed as a building term.	Turkish kiremit, Persian كرميد‎ (kirmīd).	N/A
կճուճ	Turkish güveç (“earthen pot”), from Persian گمج‎ (gomaj).	Turkish (via Persian)	Borrowed as a household term.	Turkish güveç, Persian گمج‎ (gomaj).	N/A
կշտանալ	Armenian կշտանալ (kštanal, “to be full, to eat one’s fill”), native.	Armenian (native)	Inherited.	N/A	*ges- (“to eat, to consume”)
կոթ	Old Armenian կոթ (kotʿ, “handle, hilt”), native.	Armenian (native)	Inherited.	N/A	N/A
կոլեգա	Russian коллега (kollega), from Latin collega (“colleague, associate”).	Russian (via Latin)	Borrowed as a professional term.	English colleague, Russian коллега (kollega).	*leg- (“to collect, gather”)
կուզ	Turkish kuzu (“beech marten, lamb, hunch”), or possibly from a dialectal source.	Turkish (possible)	Borrowed as an animal/body term.	Turkish kuzu.	N/A
կուշտ	Old Armenian կուշտ (kušt, “full, satiated”), native.	Armenian (native)	Inherited.	N/A	*geus- (“to taste, to try”)
կուռ	Old Armenian կուռ (kurr, “solid, hard, firm”), native.	Armenian (native)	Inherited.	N/A	*ker- (“hard”)
կուրս	Russian курс (kurs, “course”), from German Kurs, from French cours.	Russian (via German, French)	Borrowed as an academic/technical term.	English course, Russian курс (kurs).	*kers- (“to run”)
կուց	Old Armenian կուց (kucʿ, “handful”), native.	Armenian (native)	Inherited.	N/A	N/A
կպնել	Old Armenian կպնեմ (kpnem, “to stick, to adhere”), native.	Armenian (native)	Inherited.	N/A	*kap- (“to grasp”)
կռահել	Turkish kıraat (“to guess, to infer”), or possibly from a dialectal root.	Turkish (possible)	Borrowed as a verb.	Turkish kıraat.	N/A
կռան	Turkish kran (“tap, faucet”), from German Kran (“crane, tap”).	Turkish (via German)	Borrowed as a technical term.	Turkish kran, German Kran.	N/A
կրիտիկական կետ	Russian критическая точка (kriticheskaya tochka, “critical point”), from Greek κριτικός (kritikos, “critical”).	Russian (via Greek)	Scientific borrowing.	English critical point, Russian критическая точка.	*krei- (“to sieve, to discriminate”)
հազար	Persian هزار‎ (hezār, “thousand”), borrowed via Turkish.	Persian (via Turkish)	Borrowed as a numeral.	Turkish bin (thousand), Persian هزار‎ (hezār).	*ǵheslo- (“thousand”)
հանըմ	Turkish hanım (“lady, madam”), from Persian خانم‎ (xānom).	Turkish (via Persian)	Borrowed as a title.	Turkish hanım, Persian خانم‎ (xānom).	N/A
հապալաս	Russian голубика (golubika, “blueberry”), or possibly from a regional/dialectal source.	Russian (possible)	Borrowed as a plant name.	Russian голубика (golubika).	N/A
հավ	Old Armenian հավ (hav, “hen, chicken”), native.	Armenian (native)	Inherited.	N/A	*kap- (“to grasp, to seize”)
հավես	Turkish heves (“wish, desire, enthusiasm”), from Arabic هوس‎ (hawas, “desire, passion”).	Turkish (via Arabic)	Borrowed as a feeling/quality term.	Turkish heves, Arabic هوس‎ (hawas).	N/A
հարամի	Turkish harami (“bandit, thief”), from Arabic حرامي‎ (ḥarāmī, “thief”).	Turkish (via Arabic)	Borrowed as a social term.	Turkish harami, Arabic حرامي‎ (ḥarāmī).	N/A
հարել	Turkish harlamak (“to beat, to strike”), or possibly from a dialectal root.	Turkish (possible)	Borrowed as a verb.	Turkish harlamak.	N/A
հարկավոր	Old Armenian հարկ (hark, “need, necessity”) + suffix -ավոր, native formation.	Armenian (native)	Native compound.	N/A	N/A
հարսանիթ	Turkish hasalığ (“measles”), or possibly from a dialectal source.	Turkish (possible)	Borrowed as a medical term.	Turkish hasalığ.	N/A
հեչ	Turkish hiç (“not at all, none”), from Persian هیچ‎ (hich).	Turkish (via Persian)	Borrowed as an adverb.	Turkish hiç, Persian هیچ‎ (hich).	N/A
հիլ	Persian هل‎ (hel, “cardamom”), borrowed via Turkish.	Persian (via Turkish)	Borrowed as a spice name.	Turkish hil, Persian هل‎ (hel).	N/A
հիմա	Old Armenian հիմա (hima, “now, at present”), native.	Armenian (native)	Inherited.	N/A	N/A
հինդուստանի	Persian هندوستان‎ (Hindustān, “India”), from Hindi हिन्दुस्तान (Hindustān).	Persian (via Hindi)	Borrowed as a place/ethnic name.	English Hindustani, Russian хиндустани (khindustani).	N/A
հիփ-հոփ	English hip-hop, a musical genre.	English	International borrowing.	Russian хип-хоп (khip-khop), French hip-hop.	N/A
հոնք	Old Armenian հոնք (honkʿ, “eyebrow”), native.	Armenian (native)	Inherited.	N/A	N/A
հոտ	Old Armenian հոտ (hot, “smell, flock”), native.	Armenian (native)	Inherited.	N/A	*kʷet- (“to stink, to smell”)
հորիզոն	French horizon, from Latin horizon, from Greek ὁρίζων (horízōn, “limiting, bounding”).	French (via Latin, Greek)	Borrowed as a scientific term.	English horizon, Russian горизонт (gorizont).	*ser- (“to bind, to tie”)
ձայնավոր	Armenian ձայն (dzayn, “sound, voice”) + suffix -ավոր, native formation.	Armenian (native)	Native compound.	N/A	N/A
ձկնկուլ	Armenian ձուկ (dzuk, “fish”) + կուլ (kul, “cormorant”), native formation.	Armenian (native)	Native compound.	N/A	N/A
ձմերուկ	Turkish karpuz (“watermelon”), from Persian خربزه‎ (kharboze), but Armenian form is native: ձմեռ (dzmer, “winter”) + ուկ (uk, diminutive).	Armenian (native)	Native compound.	N/A	N/A
ղազ	Turkish kaz (“goose”), from Old Turkic qaz.	Turkish	Borrowed as an animal name.	Turkish kaz, Russian гусь (gus’).	*ǵʰans- (“goose”)
ղալաթ	Turkish galat (“mistake, error”), from Arabic غَلَط‎ (ġalaṭ).	Turkish (via Arabic)	Borrowed as a noun.	Turkish galat, Arabic غَلَط‎ (ġalaṭ).	N/A
ղասաբ	Turkish kasap (“butcher”), from Arabic قصاب‎ (qaṣṣāb).	Turkish (via Arabic)	Borrowed as an occupational term.	Turkish kasap, Arabic قصاب‎ (qaṣṣāb).	N/A
ղարավաշ	Turkish karabaş (“maidservant, black head”), from kara (“black”) + baş (“head”).	Turkish	Borrowed as a social/servant term.	Turkish karabaş.	N/A
ղզօղլան	Turkish kız oğlan (“sissy, hermaphrodite”), from kız (“girl”) + oğlan (“boy”).	Turkish	Borrowed as a descriptive term.	Turkish kız oğlan.	N/A
ղոզ	Turkish koz (“trump (card games)”), or possibly from a dialectal source.	Turkish (possible)	Borrowed as a gaming term.	Turkish koz.	N/A
ղուսուր	Turkish kusur (“fault, defect, flaw”), from Arabic قُصُور‎ (quṣūr).	Turkish (via Arabic)	Borrowed as a noun.	Turkish kusur, Arabic قُصُور‎ (quṣūr).	N/A
ղսմաթ	Turkish kısmet (“fortune, fate, luck”), from Arabic قسمة‎ (qisma, “portion, lot”).	Turkish (via Arabic)	Borrowed as a noun.	Turkish kısmet, Arabic قسمة‎ (qisma).	N/A
ճանդար	Turkish çandar (“log, timber”), or possibly from a dialectal source.	Turkish (possible)	Borrowed as a material term.	Turkish çandar.	N/A
ճղել	Old Armenian ճղեմ (čʿghem, “to tear, to rip”), native.	Armenian (native)	Inherited.	N/A	*ger- (“to tear, to cut”)
ճոկան	Turkish çoban (“stick, staff, shepherd’s crook”), or possibly from a dialectal source.	Turkish (possible)	Borrowed as a tool term.	Turkish çoban.	N/A
մադիան	Turkish maya (“mare”), or possibly from a dialectal source. Batch 6 (251–300):	Turkish (possible)	Borrowed as an animal name.	Turkish maya.	N/A
մազկապ	Armenian մազ (maz, “hair”) + կապ (kap, “tie, band”), native formation.	Armenian (native)	Native compound.	N/A	N/A
մալ	Turkish mal (“property, goods, cattle”), from Persian مال‎ (māl).	Turkish (via Persian)	Borrowed as a noun.	Turkish mal, Persian مال‎ (māl).	N/A
մախտ	Turkish maht (“resin of the march tree”), or possibly from a dialectal source.	Turkish (possible)	Borrowed as a plant/material term.	Turkish maht.	N/A
մախր	Turkish mart (“March”), from Latin Martius.	Turkish (via Latin)	Borrowed as a month name.	Turkish mart, Latin Martius.	*Mā́rtsios (“of Mars”)
մասուր	Persian مسور‎ (masūr, “rosehip”), or possibly from a dialectal source.	Persian (possible)	Borrowed as a plant name.	Persian مسور‎ (masūr).	N/A
մավի	Turkish mavi (“blue”), from Arabic ماوي‎ (māwī, “blue”).	Turkish (via Arabic)	Borrowed as a color term.	Turkish mavi, Arabic ماوي‎ (māwī).	N/A
մատ	Old Armenian մատ (mat, “finger, toe”), native.	Armenian (native)	Inherited.	N/A	*med- (“to measure”)
մատուտակ	Turkish meyan kökü (“licorice root”), or possibly from a dialectal source.	Turkish (possible)	Borrowed as a plant name.	Turkish meyan kökü.	N/A
մարագ	Kurdish marag (“hayloft”), or possibly from a regional source.	Kurdish (possible)	Borrowed as a household term.	Kurdish marag.	N/A
մարխ	Turkish marh (“resinous wood”), or possibly from a dialectal source.	Turkish (possible)	Borrowed as a material term.	Turkish marh.	N/A
մարշրուտ	Russian маршрут (marshrut, “route, itinerary”), from German Marschroute.	Russian (via German)	Borrowed as a travel term.	English route, Russian маршрут (marshrut).	*ret- (“to run, to roll”)
մարտ	Old Armenian մարտ (mart, “battle, fight”), native.	Armenian (native)	Inherited.	N/A	*mer- (“to die”)
մեզ	Old Armenian մեզ (mez, “us”), native.	Armenian (native)	Inherited.	N/A	*nes- (“we”)
մեխ	Old Armenian մեխ (mex, “nail”), native.	Armenian (native)	Inherited.	N/A	*megʰs- (“nail”)
մեխակ	Persian میخک‎ (meykhak, “clove, carnation”), borrowed via Turkish.	Persian (via Turkish)	Borrowed as a plant/spice name.	Turkish karanfil, Persian میخک‎ (meykhak).	N/A
մեյմուն	Persian میمون‎ (meymūn, “monkey”), borrowed via Turkish maymun.	Persian (via Turkish)	Borrowed as an animal name.	Turkish maymun, Persian میمون‎ (meymūn).	N/A
մեշին	Turkish meşin (“leather”), from Persian مشین‎ (mashin).	Turkish (via Persian)	Borrowed as a material term.	Turkish meşin, Persian مشین‎ (mashin).	N/A
մետաղ	Old Armenian մետաղ (metagh, “metal”), from Ancient Greek μέταλλον (métallon, “mine, metal”).	Ancient Greek	Borrowed as a material term.	English metal, Russian металл (metall).	N/A
միասնաբար	Armenian միասին (miasin, “together”) + -աբար (adverbial suffix), native formation.	Armenian (native)	Native compound.	N/A	N/A
մինետ	French minette (“minette, darling”), or possibly from a vulgar slang root.	French (possible)	Borrowed as a slang term.	French minette.	N/A
մկրատ	Turkish makas (“scissors”), from Arabic مقص‎ (miqass).	Turkish (via Arabic)	Borrowed as a tool name.	Turkish makas, Arabic مقص‎ (miqass).	N/A
մոծակ	Turkish sivrisinek (“mosquito”), or possibly from a dialectal source.	Turkish (possible)	Borrowed as an animal name.	Turkish sivrisinek.	N/A
մոշ	Turkish muş (“blackberry, bramble”), or possibly from a dialectal source.	Turkish (possible)	Borrowed as a plant name.	Turkish muş.	N/A
մոշի		Turkish (possible)	Borrowed as a plant name.	Turkish muş.	N/A
մոռ	Old Armenian մոռ (moṙ, “violet”), native.	Armenian (native)	Inherited.	N/A	N/A
մորմ	Turkish mor (“nightshade, wolf spider”), or possibly from a dialectal source.	Turkish (possible)	Borrowed as a plant/animal name.	Turkish mor.	N/A
մուշտակ	Turkish muşta (“fur, pelt”), or possibly from a dialectal source.	Turkish (possible)	Borrowed as a material term.	Turkish muşta.	N/A
մուշտարի	Turkish müşteri (“customer, client, buyer”), from Arabic مشتري‎ (mushtarī).	Turkish (via Arabic)	Borrowed as a commercial term.	Turkish müşteri, Arabic مشتري‎ (mushtarī).	N/A
մուսուլման	Turkish müslüman (“Muslim”), from Arabic مسلم‎ (muslim).	Turkish (via Arabic)	Borrowed as a religious term.	Turkish müslüman, Arabic مسلم‎ (muslim).	N/A
մուրաբա	Turkish murabba (“jam, preserve”), from Arabic مربى‎ (murabbā).	Turkish (via Arabic)	Borrowed as a food term.	Turkish murabba, Arabic مربى‎ (murabbā).	N/A
յաթաղան	Turkish yatağan (“yataghan, sword”), from Turkish yatmak (“to lie down”).	Turkish	Borrowed as a weapon name.	Turkish yatağan.	N/A
յաղութ	Turkish yakut (“ruby”), from Arabic ياقوت‎ (yāqūt).	Turkish (via Arabic)	Borrowed as a gemstone name.	Turkish yakut, Arabic ياقوت‎ (yāqūt).	N/A
յար	Persian یار‎ (yār, “friend, lover”), borrowed via Turkish yar.	Persian (via Turkish)	Borrowed as a term of endearment.	Turkish yar, Persian یار‎ (yār).	N/A
յարա	Old Armenian յարա (yara, “wound”), native.	Armenian (native)	Inherited.	N/A	*uer- (“to burn”)
նազ	Persian ناز‎ (nāz, “grace, coquetry”), borrowed via Turkish naz.	Persian (via Turkish)	Borrowed as a descriptive term.	Turkish naz, Persian ناز‎ (nāz).	N/A
նալբանդ	Turkish nalbant (“farrier”), from nal (“horseshoe”) + bant (“maker”).	Turkish	Occupational borrowing.	Turkish nalbant.	N/A
նախա-	Armenian նախ (nakh, “first, before”), native prefix.	Armenian (native)	Native prefix.	N/A	*prekʷ- (“before”)
նաջար	Turkish neccar (“carpenter”), from Arabic نجار‎ (najjār).	Turkish (via Arabic)	Occupational borrowing.	Turkish neccar, Arabic نجار‎ (najjār).	N/A
նարգիզ	Persian نرگس‎ (narges, “narcissus”), borrowed via Turkish nergis.	Persian (via Turkish)	Borrowed as a plant name.	Turkish nergis, Persian نرگس‎ (narges).	N/A
նարտ	Persian نرد‎ (nard, “backgammon”), borrowed via Turkish nard.	Persian (via Turkish)	Borrowed as a game name.	Turkish nard, Persian نرد‎ (nard).	N/A
նորահարս	Armenian նոր (nor, “new”) + հարս (hars, “bride”), native compound.	Armenian (native)	Native compound.	N/A	N/A
նու	Old Armenian նու (nu, “the letter n”), native.	Armenian (native)	Inherited.	N/A	N/A
շահնշահ	Persian شاهنشاه‎ (šâhanšâh, “king of kings”), from شاه‎ (šâh, “king”) + ان‎ (an, “of”) + شاه‎ (šâh, “king”).	Persian	Borrowed as a royal title.	Persian شاهنشاه‎ (šâhanšâh).	N/A
շամամ	Turkish şamama (“apple melon”), or possibly from a dialectal source.	Turkish (possible)	Borrowed as a plant/fruit name.	Turkish şamama.	N/A
շամանտուրա	Turkish şamandıra (“buoy, barrel”), from şaman (“to float”) + -dıra (agentive).	Turkish	Borrowed as a nautical term.	Turkish şamandıra.	N/A
շանսոնյե	French chansonnier (“singer of chansons”), from chanson (“song”).	French	Borrowed as a musical term.	French chansonnier.	N/A
շատրվան	Persian شادروان‎ (šādravān, “fountain, water feature”), borrowed via Turkish şadırvan.	Persian (via Turkish)	Borrowed as an architectural term.	Turkish şadırvan, Persian شادروان‎ (šādravān).	N/A
շեղբ	Old Armenian շեղբ (šełb, “blade”), native.	Armenian (native)	Inherited.	N/A	N/A
շեյթան	Turkish şeytan (“devil, shaitan”), from Arabic شيطان‎ (shayṭān).	Turkish (via Arabic)	Borrowed as a religious/figurative term.	Turkish şeytan, Arabic شيطان‎ (shayṭān).	N/A
շեռ	Turkish şer (“urine, piss”), or possibly from a dialectal source.	Turkish (possible)	Borrowed as a colloquial term.	Turkish şer.	N/A
շիվան	Turkish feryat (“lamentation, wailing”), or possibly from a dialectal Armenian root.	Turkish (possible)	Borrowed as an emotional term.	Turkish feryat.	N/A
շլագբաում	German Schlagbaum (“barrier, boom gate”), from schlagen (“to strike”) + Baum (“tree, bar”).	German	Borrowed as a technical term.	Russian шлагбаум (shlagbaum), English Schlagbaum.	N/A
շռել	Turkish şır (“to urinate, to pee”), or possibly from a dialectal source.	Turkish (possible)	Borrowed as a colloquial verb.	Turkish şır.	N/A
շրջարկ	Armenian շրջ (shrj, “circle, round”) + -արկ (suffix), native formation.	Armenian (native)	Native compound.	N/A	N/A
շփոթել	Old Armenian շփոթեմ (shp’ot’em, “to confuse, to mix up”), native.	Armenian (native)	Inherited.	N/A	N/A
ոտնաման	Armenian ոտն (otn, “foot”) + աման (aman, “container, vessel”), native compound.	Armenian (native)	Native compound.	N/A	N/A
որձակ	Turkish horoz (“rooster, cock”), from Old Turkic horoz.	Turkish	Borrowed as an animal name.	Turkish horoz.	N/A
ուդ	Arabic عود‎ (ʿūd, “oud, lute”), borrowed via Turkish ud.	Arabic (via Turkish)	Borrowed as a musical instrument name.	Turkish ud, Arabic عود‎ (ʿūd).	N/A
ուդմուրտ	Russian удмурт (udmurt), the name of the Udmurt people.	Russian	Borrowed as an ethnonym.	English Udmurt, Russian удмурт (udmurt).	N/A
ուսանող	Armenian ուսանիլ (usanil, “to study, to learn”) + -ող (agentive suffix), native formation.	Armenian (native)	Native compound.	N/A	N/A
չագուչ	Turkish çekiç (“hammer”), from çek- (“to pull, to hit”) + -iç (instrumental suffix).	Turkish	Borrowed as a tool name.	Turkish çekiç.	N/A
չախմախ	Turkish çakmak (“fire striker, lighter”), from çak- (“to strike, to spark”).	Turkish	Borrowed as a tool name.	Turkish çakmak.	N/A
չախու	Turkish çakı (“pocketknife, penknife”), from çak- (“to strike, to cut”).	Turkish	Borrowed as a tool name.	Turkish çakı.	N/A
չայլախ	Turkish çaylak (“kite (bird)”), from çay (“stream”) + -lak (diminutive/agentive).	Turkish	Borrowed as an animal name.	Turkish çaylak.	N/A
չատ	English chat (“chat, online conversation”).	English	International borrowing.	Russian чат (chat), French chat.	N/A
չեյնջ	English change (“exchange, bureau de change”).	English	International borrowing.	Russian чейндж (cheyndzh), French change.	N/A
չէթէլէ	Turkish çetele (“tally stick, scorecard”), from çet (“notch, tally”).	Turkish	Borrowed as a record-keeping term.	Turkish çetele.	N/A
չիբուխ	Turkish çubuk (“tobacco pipe, stick”), from çubuk (“stick, rod”).	Turkish	Borrowed as a tool name.	Turkish çubuk.	N/A
չինար	Turkish çınar (“plane tree”), from Persian چنار‎ (chenār).	Turkish (via Persian)	Borrowed as a plant name.	Turkish çınar, Persian چنار‎ (chenār).	N/A
չիրքին	Turkish çirkin (“ugly, unsightly”), from Persian چرکین‎ (charkīn, “dirty, filthy”).	Turkish (via Persian)	Borrowed as a descriptive adjective.	Turkish çirkin, Persian چرکین‎ (charkīn).	N/A
չոբան	Turkish çoban (“shepherd”), from Persian چوپان‎ (chūpān).	Turkish (via Persian)	Borrowed as an occupational term.	Turkish çoban, Persian چوپان‎ (chūpān).	N/A
չուլ	Turkish çul (“coarse fabric, horse-covering, rags”), from Old Turkic çul.	Turkish	Borrowed as a material term.	Turkish çul.	N/A
չոքել	Turkish çökmek (“to kneel, to collapse”), from çök- (“to sink, to kneel”).	Turkish	Borrowed as a verb.	Turkish çökmek.	N/A
պալմոմի	Italian palma (“palm, palm tree”), or possibly from a dialectal source.	Italian (possible)	Borrowed as a material term.	Italian palma.	*palam- (“palm of the hand”)
պաշճի	Turkish paçacı (“seller of sheep’s heads”), from paça (“sheep’s head, trotter”) + -cı (agentive).	Turkish	Occupational borrowing.	Turkish paçacı.	N/A
պապ	Old Armenian պապ (pap, “grandfather, pope”), native.	Armenian (native)	Inherited.	English pope, Russian папа (papa).	*pəpā (“father, papa”)
պառկել	Old Armenian պառկիմ (parkim, “to lie down”), native.	Armenian (native)	Inherited.	N/A	*per- (“to pass over, to go”)
պարսկական	Persian فارسی‎ (fārsī, “Persian”), from فارس‎ (Fārs, “Persia”).	Persian	Borrowed as an ethnonym/adjective.	Turkish Farsça, Russian персидский (persidskiy).	N/A
պեչենի	Russian печенье (pechen’ye, “cookie, biscuit”), from печь (pech’, “to bake”).	Russian	Borrowed as a food term.	Russian печенье (pechen’ye).	*pekʷ- (“to cook, to ripen”)
պլան	Russian план (plan, “plan, scheme”), from French plan.	Russian (via French)	Borrowed as a technical term.	English plan, Russian план (plan).	*pele- (“flat, to spread”)
պլոկել	Turkish pullamak (“to strip, to peel”), or possibly from a dialectal source.	Turkish (possible)	Borrowed as a verb.	Turkish pullamak.	N/A
պող	Turkish poğa (“ember, glowing coal”), or possibly from a dialectal source.	Turkish (possible)	Borrowed as a material term.	Turkish poğa.	N/A
պոյաճի	Turkish boyacı (“dyer, painter”), from boya (“dye, paint”) + -cı (agentive).	Turkish	Occupational borrowing.	Turkish boyacı.	N/A
պտեր	Russian папоротник (paporotnik, “fern”), or possibly from a dialectal source.	Russian (possible)	Borrowed as a plant name.	Russian папоротник (paporotnik).	N/A
պրակրիտ	Sanskrit प्राकृत (prākṛta, “Prakrit, vernacular language”), borrowed via scholarly tradition.	Sanskrit	Borrowed as a linguistic term.	English Prakrit, Russian пракрит (prakrit).	N/A
պրինտեր	English printer (“printer, printing device”).	English	International borrowing.	Russian принтер (printer), French imprimante.	N/A
պրոսպեկտ	Russian проспект (prospekt, “avenue”), from Latin prospectus (“view, prospect”).	Russian (via Latin)	Borrowed as a city planning term.	Russian проспект (prospekt), English prospect.	*spek- (“to observe”)
ջազ	English jazz (“jazz music”).	English	International borrowing.	Russian джаз (dzhaz), French jazz.	N/A
ջահել	Turkish cahil (“young, inexperienced”), from Arabic جاهل‎ (jāhil, “ignorant, uneducated”).	Turkish (via Arabic)	Borrowed as a descriptive adjective.	Turkish cahil, Arabic جاهل‎ (jāhil).	N/A
ջահիլ		Turkish (via Arabic)	Borrowed as a descriptive adjective.	Turkish cahil, Arabic جاهل‎ (jāhil).	N/A
ջայլամ	Turkish devekuşu (“ostrich”), literally “camel bird” (deve “camel” + kuş “bird”), or possibly from Persian شترمرغ‎ (shotormorgh).	Turkish (via Persian)	Borrowed as an animal name.	Turkish devekuşu, Persian شترمرغ‎ (shotormorgh).	N/A
ջան	Persian جان‎ (jān, “soul, life, dear”), borrowed via Turkish can.	Persian (via Turkish)	Borrowed as a term of endearment.	Turkish can, Persian جان‎ (jān).	N/A
ջանեջան	Turkish cancan (“lively, spirited”), or possibly from a dialectal source.	Turkish (possible)	Borrowed as a term of address.	Turkish cancan.	N/A
ջեմ	English jam (“jam, preserve”), borrowed via Russian джем (dzhem).	English (via Russian)	International borrowing.	Russian джем (dzhem), French confiture.	N/A
ջենտլմեն	English gentleman (“gentleman”), borrowed via Russian джентльмен (dzhentl’men).	English (via Russian)	International borrowing.	Russian джентльмен (dzhentl’men), French gentleman.	N/A
ջիգյար	Turkish ciğer (“liver”), from Persian جگر‎ (jigar).	Turkish (via Persian)	Borrowed as a body part term.	Turkish ciğer, Persian جگر‎ (jigar).	N/A
ջիհադ	Arabic جهاد‎ (jihād, “struggle, holy war”), borrowed via Turkish cihat.	Arabic (via Turkish)	Borrowed as a religious term.	Turkish cihat, Arabic جهاد‎ (jihād).	N/A
ջիպ	English Jeep (“jeep, SUV”), borrowed via Russian джип (dzip).	English (via Russian)	International borrowing.	Russian джип (dzip), French jeep.	N/A
ջհուդ	Turkish Yahudi (“Jew”), from Arabic يَهُودِيّ‎ (yahūdiyy).	Turkish (via Arabic)	Borrowed as an ethnonym.	Turkish Yahudi, Arabic يَهُودِيّ‎ (yahūdiyy).	N/A
ջուլհակ	Turkish çulha (“weaver”), from Persian جولاهه‎ (jūlāha).	Turkish (via Persian)	Occupational borrowing.	Turkish çulha, Persian جولاهه‎ (jūlāha).	N/A
ջունգլի	English jungle, borrowed via Russian джунгли (dzhungli).	English (via Russian)	International borrowing.	Russian джунгли, French jungle.	N/A
ջուր	Old Armenian ջուր (jur, “water”), native.	Armenian (native)	Inherited.	N/A	*wódr̥ (“water”)
ջրաղաց	Armenian ջուր (jur, “water”) + աղաց (aghats, “mill”), native compound.	Armenian (native)	Native compound.	N/A	N/A
ջրել	Armenian ջուր (jur, “water”) + -ել (verb suffix), native formation.	Armenian (native)	Native verb.	N/A	N/A
ռակ	Russian рак (rak, “crayfish, cancer”), or possibly from a Turkic source.	Russian (possible Turkic)	Borrowed as an animal/medical term.	Russian рак (rak).	N/A
ռավենտ	Turkish ravent (“rhubarb”), from Persian ریوند‎ (rīvand).	Turkish (via Persian)	Borrowed as a plant name.	Turkish ravent, Persian ریوند‎ (rīvand).	N/A
ռեհան	Persian ریحان‎ (reyhān, “basil”), borrowed via Turkish reyhan.	Persian (via Turkish)	Borrowed as a plant name.	Turkish reyhan, Persian ریحان‎ (reyhān).	N/A
սազ	Turkish saz (“saz, musical instrument”), from Persian ساز‎ (sāz, “instrument”).	Turkish (via Persian)	Borrowed as a musical term.	Turkish saz, Persian ساز‎ (sāz).	N/A
սալամանդր	French salamandre (“salamander”), from Latin salamandra, from Greek σαλαμάνδρα (salamándra).	French (via Latin, Greek)	Borrowed as an animal name.	English salamander, Russian саламандра (salamandra).	N/A
սալոր	Kurdish selew (“plum”), or possibly from a regional source.	Kurdish (possible)	Borrowed as a fruit name.	Kurdish selew.	N/A
սահաթչի	Turkish saatçi (“watchmaker, clockmaker”), from saat (“hour, clock”) + -çi (agentive).	Turkish	Occupational borrowing.	Turkish saatçi.	N/A
սաղ	Turkish sağ (“alive, whole”), from Old Turkic sağ.	Turkish	Borrowed as an adjective.	Turkish sağ.	N/A
սաղլամ	Turkish sağlam (“whole, healthy, strong”), from sağ (“alive”) + -lam (intensive).	Turkish	Borrowed as an adjective.	Turkish sağlam.	N/A
սամսար	Turkish samsar (“beech marten”), or possibly from a dialectal source.	Turkish (possible)	Borrowed as an animal name.	Turkish samsar.	N/A
սենդվիչ	English sandwich, borrowed via Russian сэндвич (sendvich).	English (via Russian)	International borrowing.	Russian сэндвич (sendvich), French sandwich.	N/A
սեր	Old Armenian սեր (ser, “love, affection”), native.	Armenian (native)	Inherited.	N/A	N/A
սերենդեր	Turkish serender (“larder, food storehouse”), from ser (“head, top”) + ender (“to put, to place”).	Turkish	Borrowed as a household term.	Turkish serender.	N/A
սեֆերբերլիք	Turkish seferberlik (“mobilization”), from sefer (“campaign, expedition”) + berlik (collective suffix).	Turkish	Borrowed as a historical term.	Turkish seferberlik.	N/A
սզնի	Turkish kızılcık (“hawthorn”), or possibly from a dialectal source.	Turkish (possible)	Borrowed as a plant name.	Turkish kızılcık.	N/A
սիվրիսինէկ	Turkish sivrisinek (“mosquito”), from sivri (“pointed, sharp”) + sinek (“fly”).	Turkish	Borrowed as an animal name.	Turkish sivrisinek.	N/A
սկյութ	Ancient Greek Σκύθης (Skýthēs, “Scythian”), an ancient people.	Ancient Greek	Borrowed as an ethnonym.	English Scythian, Russian скиф (skif).	N/A
սմբուլ	Turkish salkım (“spikenard, flower cluster”), or possibly from a dialectal source.	Turkish (possible)	Borrowed as a plant name.	Turkish salkım.	N/A
սոլախ	Turkish solak (“left-handed”), from sol (“left”).	Turkish	Borrowed as an adjective.	Turkish solak.	N/A
սպամ	English spam (“unsolicited electronic message”), borrowed via Russian спам (spam).	English (via Russian)	International borrowing.	Russian спам (spam), French spam.	N/A
սպանախ	Turkish ıspanak (“spinach”), from Persian اسفناج‎ (esfenāj).	Turkish (via Persian)	Borrowed as a plant name.	Turkish ıspanak, Persian اسفناج‎ (esfenāj).	N/A
սպասել	Old Armenian սպասեմ (spasem, “to wait, to expect”), native.	Armenian (native)	Inherited.	N/A	N/A
ստեպղին	Armenian ստեպղին (stepghin, “carrot”), native.	Armenian (native)	Inherited.	N/A	N/A
սրբագրել	Armenian սուրբ (surb, “holy, pure”) + գրել (grel, “to write”), native compound.	Armenian (native)	Native compound.	N/A	N/A
սրել	Old Armenian սրեմ (srem, “to sharpen”), native.	Armenian (native)	Inherited.	N/A	N/A
սրմա	Turkish sırma (“silver or gold thread, lace”), from Persian سرمه‎ (surma).	Turkish (via Persian)	Borrowed as a material term.	Turkish sırma, Persian سرمه‎ (surma).	N/A
վայիս	Turkish vay (“woe, alas”) + -is (diminutive/affective suffix), or possibly from a dialectal source.	Turkish (possible)	Borrowed as an interjection/adjective.	Turkish vay.	N/A
վառեկ	Turkish varak (“pullet, chick”), or possibly from a dialectal source.	Turkish (possible)	Borrowed as an animal name.	Turkish varak.	N/A
վերա-	Armenian վեր (ver, “above, up”), native prefix.	Armenian (native)	Native prefix.	N/A	*uper (“over, above”)
վերև	Armenian վեր (ver, “up, above”) + -և (adverbial suffix), native formation.	Armenian (native)	Native compound.	N/A	*uper (“over, above”)
վռազել	Turkish vırız (“to hurry”), or possibly from a dialectal source.	Turkish (possible)	Borrowed as a verb.	Turkish vırız.	N/A
տակռի	Turkish takır (“root of plants”), or possibly from a dialectal source.	Turkish (possible)	Borrowed as a plant term.	Turkish takır.	N/A
տառեխ	Turkish tarak (“pearl mullet, Van fish”), or possibly from a dialectal source.	Turkish (possible)	Borrowed as a fish name.	Turkish tarak.	N/A
տաքդեղ	Turkish taze biber (“pepper, chili”), or possibly from a dialectal source.	Turkish (possible)	Borrowed as a plant name.	Turkish taze biber.	N/A
տեղ	Old Armenian տեղ (teł, “place, location”), native.	Armenian (native)	Inherited.	N/A	*dhegʰ- (“to set, to put”)
տողրամաճի	Turkish doğramacı (“joiner, carpenter”), from doğramak (“to cut, to chop”).	Turkish	Occupational borrowing.	Turkish doğramacı.	N/A
տոստ	English toast (“toasted bread”), borrowed via Russian тост (tost).	English (via Russian)	International borrowing.	Russian тост (tost), French toast.	N/A
տորոն	Turkish torun (“madder, Rubia tinctorum”), or possibly from a dialectal source.	Turkish (possible)	Borrowed as a plant/dye name.	Turkish torun.	N/A
տուկան	French toucan, from Portuguese tucano, from Tupi tukana.	French (via Portuguese, Tupi)	Borrowed as an animal name.	English toucan, Russian тукан (tukan).	N/A
տրամվայ	Russian трамвай (tramvay, “tram, streetcar”), from English tramway.	Russian (via English)	International borrowing.	English tramway, Russian трамвай (tramvay).	N/A
տրանսգենդեր	English transgender, borrowed via Russian трансгендер (transgender).	English (via Russian)	International borrowing.	Russian трансгендер (transgender), French transgenre.	N/A
տրոլեյբուս	Russian троллейбус (trolleybus), from English trolley + bus.	Russian (via English)	International borrowing.	English trolleybus, Russian троллейбус (trolleybus).	N/A
տրցակել	Turkish tırtık (“to bundle, to cluster”), or possibly from a dialectal source.	Turkish (possible)	Borrowed as a verb.	Turkish tırtık.	N/A
ցել	Turkish çeltik (“fallow land, paddy field”), or possibly from a dialectal source.	Turkish (possible)	Borrowed as an agricultural term.	Turkish çeltik.	N/A
ցեմենտ	French ciment (“cement”), from Latin caementum (“stone chips, cement”).	French (via Latin)	Borrowed as a building material term.	English cement, Russian цемент (tsement).	N/A
փալազ	Turkish palaz (“gosling, young goose”), or possibly from a dialectal source.	Turkish (possible)	Borrowed as an animal name.	Turkish palaz.	N/A
փալաս	Turkish palas (“rag, old carpet”), or possibly from a dialectal source.	Turkish (possible)	Borrowed as a material/household term.	Turkish palas.	N/A
փալասկա	Turkish palaska (“cartridge box, belt”), from Italian palasca.	Turkish (via Italian)	Borrowed as a military term.	Turkish palaska, Italian palasca.	N/A
փահլևան	Persian پهلوان‎ (pahlavān, “wrestler, hero”), borrowed via Turkish pehlivan.	Persian (via Turkish)	Borrowed as a descriptive/occupational term.	Turkish pehlivan, Persian پهلوان‎ (pahlavān).	N/A
փայտօս	Armenian փայտ (pʿayt, “wood”) + օս (suffix), native formation.	Armenian (native)	Native compound.	N/A	N/A
փաչա	Turkish paça (“trotters of sheep”), from Persian پاچه‎ (pācheh).	Turkish (via Persian)	Borrowed as a food term.	Turkish paça, Persian پاچه‎ (pācheh).	N/A
փարաջա	Turkish faraja (“cassock, frock”), from Arabic فرجية‎ (farjiyya).	Turkish (via Arabic)	Borrowed as a clothing term.	Turkish faraja, Arabic فرجية‎ (farjiyya).	N/A
փարչ	Turkish parça (“waterpot, piece”), from Persian پارچه‎ (pārcheh, “piece, cloth”).	Turkish (via Persian)	Borrowed as a household term.	Turkish parça, Persian پارچه‎ (pārcheh).	N/A
փափախ	Turkish papak (“papakha, sheepskin hat”), from Persian پاپاخ‎ (pāpākh).	Turkish (via Persian)	Borrowed as a clothing term.	Turkish papak, Persian پاپاخ‎ (pāpākh).	N/A
փեշթախթա	Turkish peştahta (“desk, counter”), from peş (“front”) + tahta (“board, plank”).	Turkish	Borrowed as a commercial term.	Turkish peştahta.	N/A
փեշքեշ	Turkish peşkeş (“gift, present”), from Persian پیشکش‎ (pişkash).	Turkish (via Persian)	Borrowed as a social term.	Turkish peşkeş, Persian پیشکش‎ (pişkash).	N/A
փետրվար	Russian февраль (fevral’, “February”), from Latin februarius.	Russian (via Latin)	Borrowed as a month name.	English February, Russian февраль (fevral’).	N/A
փիճի	Turkish piçi (“pine, stone pine”), or possibly from a dialectal source.	Turkish (possible)	Borrowed as a plant name.	Turkish piçi.	N/A
փնթի	Kurdish pıntî (“slovenly, untidy”), or possibly from a dialectal source.	Kurdish (possible)	Borrowed as a descriptive adjective.	Kurdish pıntî.	N/A
փնտրել	Armenian փնտել (pʿntel, “to search, to seek”) + -ել (verb suffix), native formation.	Armenian (native)	Native verb.	N/A	N/A
փշատ	Persian پسته‎ (pesteh, “oleaster”), or possibly from a dialectal source.	Persian (possible)	Borrowed as a plant name.	Persian پسته‎ (pesteh).	N/A
փոկ	Turkish poğa (“belt, strap”), or possibly from a dialectal source.	Turkish (possible)	Borrowed as a material term.	Turkish poğa.	N/A
փող	Turkish boru (“tube, pipe”), or possibly from a dialectal source.	Turkish (possible)	Borrowed as a technical/household term.	Turkish boru.	N/A
փորսուղ	Turkish porsuk (“badger”), from Persian پرشک‎ (porshuk).	Turkish (via Persian)	Borrowed as an animal name.	Turkish porsuk, Persian پرشک‎ (porshuk).	N/A
փուչ	Turkish boş (“hollow, empty, vain”), from Old Turkic boş.	Turkish	Borrowed as an adjective.	Turkish boş.	N/A
փրփրեմ	Turkish pirpirim (“purslane”), from Persian پرپین‎ (pirpin).	Turkish (via Persian)	Borrowed as a plant name.	Turkish pirpirim, Persian پرپین‎ (pirpin).	N/A
քամանչա	Persian کمانچه‎ (kamāncheh, “kamancheh, bowed string instrument”), borrowed via Turkish kemençe.	Persian (via Turkish)	Borrowed as a musical instrument name.	Turkish kemençe, Persian کمانچه‎ (kamāncheh).	N/A
քաչալ	Turkish keçel (“bald, hairless”), from keç (“goat”) + -el (diminutive/affective).	Turkish	Borrowed as a descriptive adjective.	Turkish keçel.	N/A
քառա-	Armenian քառ (kʿarr, “four”), native prefix.	Armenian (native)	Native prefix.	N/A	*kʷetwóres (“four”)
քարճիկ	Turkish karcık (“gizzard, kidney”), or possibly from a dialectal source.	Turkish (possible)	Borrowed as an anatomical term.	Turkish karcık.	N/A
քէսիմ	Turkish kesim (“cut, figure, style”), from kes- (“to cut”).	Turkish	Borrowed as a descriptive noun.	Turkish kesim.	N/A
քէօլէ	Turkish köle (“slave”), from Arabic كَالِئ‎ (kāliʾ).	Turkish (via Arabic)	Borrowed as a social term.	Turkish köle, Arabic كَالِئ‎ (kāliʾ).	N/A
քթոց	Turkish kutu (“basket, box”), or possibly from a dialectal source.	Turkish (possible)	Borrowed as a household term.	Turkish kutu.	N/A
քիբրիթ	Turkish kibrit (“match”), from Arabic كبريت‎ (kibrīt).	Turkish (via Arabic)	Borrowed as a technical term.	Turkish kibrit, Arabic كبريت‎ (kibrīt).	N/A
քիլիմ	Turkish kilim (“kilim, flat-woven rug”), from Persian گلیم‎ (gelim).	Turkish (via Persian)	Borrowed as a household term.	Turkish kilim, Persian گلیم‎ (gelim).	N/A
քիչ	Old Armenian քիչ (kʿičʿ, “few, little”), native.	Armenian (native)	Inherited.	N/A	N/A
քլունգ	Turkish külünk (“pickaxe, pick”), or possibly from a dialectal source.	Turkish (possible)	Borrowed as a tool name.	Turkish külünk.	N/A
քյար	Turkish kâr (“profit, gain”), from Persian کار‎ (kār, “work, profit”).	Turkish (via Persian)	Borrowed as a commercial term.	Turkish kâr, Persian کار‎ (kār).	N/A
քյոմուր	Turkish kömür (“coal”), from Old Turkic kömür.	Turkish	Borrowed as a material term.	Turkish kömür.	N/A
քյուֆթա	Turkish köfte (“meatball, kofta”), from Persian کوفته‎ (kufta, “pounded, ground”).	Turkish (via Persian)	Borrowed as a food term.	Turkish köfte, Persian کوفته‎ (kufta).	N/A
քննարկել	Armenian քննարկել (kʿnarkʿel, “to discuss, to consider”), native.	Armenian (native)	Native verb.	N/A	N/A
քորուք	Turkish körük (“bellows”), from kör (“blind”) + -ük (instrumental).	Turkish	Borrowed as a tool name.	Turkish körük.	N/A
քուռակ	Turkish kuyruk (“colt, foal, young animal”), or possibly from a dialectal source.	Turkish (possible)	Borrowed as an animal name.	Turkish kuyruk.	N/A
քուրջ	Turkish kürk (“old cloth, rag, fur”), from Persian کرک‎ (kork).	Turkish (via Persian)	Borrowed as a material term.	Turkish kürk, Persian کرک‎ (kork).	N/A
քջջել	Turkish kışkışlamak (“to rummage, to dig”), or possibly from a dialectal source.	Turkish (possible)	Borrowed as a verb.	Turkish kışkışlamak.	N/A
օթաղ	Turkish oda (“room, chamber”), from Persian اتاق‎ (otāq).	Turkish (via Persian)	Borrowed as a household term.	Turkish oda, Persian اتاق‎ (otāq).	N/A
օյին	Turkish oyun (“game, trick, prank”), from Old Turkic oyun.	Turkish	Borrowed as a social term.	Turkish oyun.	N/A
ֆարյորերեն	English Faroese, borrowed via Russian фарерский (farerskiy).	English (via Russian)	International borrowing.	Russian фарерский (farerskiy), English Faroese.	N/A
ֆաքս	English fax (“facsimile, fax machine”), borrowed via Russian факс (faks).	English (via Russian)	International borrowing.	Russian факс (faks), French fax.	N/A
ֆեն	German Fön (“hairdryer”), a trademark, or from English fan.	German/English	International borrowing.	German Fön, English fan.	N/A
ֆոյե	French foyer (“lobby, entrance hall”).	French	Borrowed as an architectural term.	English foyer, Russian фойе (foye).	N/A
ՔՈՒՇԱՏ	Armenian քուշ (kush, “close, near”) + -ատ (verbal suffix), native formation.	Armenian (native)	Native verb.	N/A	N/A
